{"id":{"0":2,"1":3,"2":4,"3":5,"4":6,"5":7,"6":8,"7":9,"8":10,"9":11,"10":12,"11":13,"12":14,"13":15,"14":16,"15":17,"16":18,"17":19,"18":20,"19":21,"20":22,"21":23,"22":24,"23":25,"24":26,"25":27,"26":28,"27":29,"28":30,"29":31,"30":32,"31":33,"32":34,"33":34,"34":35,"35":36,"36":37,"37":38,"38":39,"39":40,"40":41,"41":42,"42":43,"43":44,"44":45,"45":46,"46":47,"47":48,"48":49,"49":50,"50":51,"51":52,"52":53,"53":54,"54":55,"55":56,"56":57,"57":58,"58":59,"59":60,"60":61,"61":62,"62":63,"63":64,"64":65,"65":66,"66":67,"67":68,"68":69,"69":70,"70":71,"71":72,"72":73,"73":74,"74":75,"75":76,"76":77,"77":78,"78":79,"79":80,"80":81,"81":82,"82":83,"83":84,"84":85,"85":86,"86":87,"87":88,"88":89,"89":90,"90":91,"91":92,"92":93,"93":94,"94":95,"95":96,"96":97,"97":98,"98":99,"99":100,"100":101,"101":102,"102":103,"103":104,"104":105,"105":106,"106":107,"107":108,"108":110},"name":{"0":"???","1":"??","2":"????","3":"????","4":"???","5":"???","6":"??? ?????","7":"????","8":"????","9":"????","10":"?????","11":"????","12":"?????","13":"?????","14":"????","15":"?????","16":"?????","17":"???","18":"????","19":"???? ??","20":"????","21":"???","22":"???","23":"?????","24":"????","25":"???? ????","26":"?????","27":"???","28":"????","29":"????","30":"????? ","31":"?????","32":"????","33":"????","34":"??????","35":"?????","36":"?? ??","37":"???","38":"????","39":"???????","40":"????? ","41":"????? ","42":"????","43":"???","44":"????","45":"??","46":"???","47":"???","48":"?????","49":"?????","50":"?????","51":"?????","52":"???","53":"????","54":"?????","55":"??","56":"????","57":"????","58":"????","59":"????","60":"????","61":"??????","62":"????","63":"?????","64":"?????","65":"???????","66":"?????","67":"?????","68":"???","69":"????? ","70":"???? ","71":"?????","72":"???? ","73":"???","74":"????","75":"???? ","76":"????","77":"????","78":"?????","79":"?????","80":"???","81":"????","82":"???","83":"????","84":"?????","85":"??","86":"?????","87":"????","88":"??? ???","89":"?????","90":"???","91":"?????","92":"?????","93":"???","94":"?????","95":"???","96":"????","97":"????","98":"?????","99":"???","100":"?????","101":"???","102":"?????","103":"?????","104":"?????","105":"???","106":"???","107":"?????","108":"???? "},"famely":{"0":"?????????","1":"??????","2":"?????????","3":"???","4":"??????","5":"???????","6":"?????","7":"?? ???","8":"?????","9":"???????","10":"???","11":"??? ????","12":"?????","13":"????","14":"????","15":"???? ?????","16":"???","17":"?????","18":"?????","19":"?????","20":"??????","21":"??????????","22":"?????","23":"??????","24":"???","25":"?????","26":"?????","27":"????","28":"????","29":"?????","30":"?????","31":"????","32":"???","33":"???????","34":"????????","35":"?????","36":"???????","37":"??????","38":"?? ????","39":"???????","40":"???","41":"?????","42":"????","43":"??????","44":"????","45":"???","46":"???","47":"???","48":"?????????","49":"??","50":"?????","51":"???","52":"??????","53":"???","54":"?'????","55":"????","56":"?????","57":"???","58":"?????","59":"???????","60":"???????","61":"?????","62":"????","63":"?????","64":"?????????","65":"???????","66":"?? ????","67":"???????","68":"????","69":"???","70":"?????","71":"????","72":"?????","73":"????","74":"???","75":"???","76":"?????","77":"????'???","78":"????","79":"???????","80":"?????","81":"???","82":"???","83":"????","84":"?????","85":"????","86":"?????","87":"????? ?????","88":"??????","89":"????","90":"????","91":"???????","92":"???","93":"????????","94":"?? ????","95":"?????","96":"????","97":"????","98":"???","99":"??????","100":"?????","101":"???? ???","102":"????","103":"???????","104":"??????","105":"?????","106":"?????","107":"??????'","108":"??????"},"platoon":{"0":1,"1":1,"2":1,"3":1,"4":1,"5":1,"6":1,"7":1,"8":1,"9":1,"10":1,"11":1,"12":1,"13":1,"14":1,"15":1,"16":1,"17":1,"18":1,"19":4,"20":1,"21":1,"22":1,"23":1,"24":1,"25":1,"26":1,"27":1,"28":1,"29":1,"30":1,"31":1,"32":1,"33":2,"34":2,"35":2,"36":2,"37":2,"38":2,"39":2,"40":2,"41":2,"42":2,"43":2,"44":2,"45":2,"46":2,"47":2,"48":2,"49":2,"50":2,"51":2,"52":2,"53":2,"54":2,"55":2,"56":2,"57":2,"58":2,"59":3,"60":3,"61":3,"62":3,"63":3,"64":3,"65":3,"66":3,"67":3,"68":3,"69":3,"70":3,"71":3,"72":3,"73":3,"74":3,"75":3,"76":3,"77":3,"78":3,"79":3,"80":3,"81":3,"82":3,"83":3,"84":3,"85":3,"86":3,"87":3,"88":4,"89":4,"90":4,"91":4,"92":3,"93":4,"94":4,"95":4,"96":4,"97":4,"98":4,"99":4,"100":1,"101":4,"102":4,"103":1,"104":4,"105":4,"106":4,"107":4,"108":4},"command":{"0":1,"1":0,"2":0,"3":0,"4":0,"5":0,"6":0,"7":0,"8":0,"9":0,"10":0,"11":1,"12":0,"13":0,"14":0,"15":0,"16":0,"17":2,"18":0,"19":0,"20":1,"21":0,"22":1,"23":0,"24":0,"25":0,"26":0,"27":0,"28":0,"29":0,"30":0,"31":0,"32":0,"33":0,"34":0,"35":0,"36":0,"37":0,"38":0,"39":0,"40":2,"41":0,"42":0,"43":0,"44":1,"45":0,"46":0,"47":0,"48":0,"49":0,"50":1,"51":0,"52":1,"53":0,"54":0,"55":1,"56":0,"57":0,"58":1,"59":0,"60":0,"61":0,"62":0,"63":0,"64":0,"65":0,"66":0,"67":0,"68":1,"69":0,"70":0,"71":0,"72":0,"73":0,"74":1,"75":0,"76":0,"77":0,"78":0,"79":1,"80":1,"81":0,"82":0,"83":0,"84":0,"85":2,"86":0,"87":0,"88":0,"89":0,"90":0,"91":0,"92":0,"93":0,"94":0,"95":0,"96":0,"97":3,"98":0,"99":0,"100":0,"101":3,"102":0,"103":0,"104":0,"105":0,"106":0,"107":0,"108":2},"pakal":{"0":"m4","1":"barzel","2":"barzel","3":"barzel","4":"barzel","5":"barzel","6":"barzel","7":"barzel","8":"barzel","9":"barzel","10":"barzel","11":"barzel","12":"barzel","13":"barzel","14":"barzel","15":"barzel","16":"barzel","17":"barzel","18":"m4","19":"barzel","20":"barzel","21":"barzel","22":"barzel","23":"barzel","24":"barzel","25":"barzel","26":"barzel","27":"barzel","28":"barzel","29":"barzel","30":"barzel","31":"barzel","32":"barzel","33":"barzel","34":"barzel","35":"barzel","36":"barzel","37":"barzel","38":"barzel","39":"barzel","40":"barzel","41":"barzel","42":"barzel","43":"barzel","44":"barzel","45":"barzel","46":"barzel","47":"barzel","48":"barzel","49":"barzel","50":"barzel","51":"barzel","52":"barzel","53":"barzel","54":"barzel","55":"barzel","56":"barzel","57":"barzel","58":"barzel","59":"barzel","60":"barzel","61":"barzel","62":"barzel","63":"barzel","64":"barzel","65":"barzel","66":"barzel","67":"barzel","68":"barzel","69":"barzel","70":"barzel","71":"barzel","72":"barzel","73":"barzel","74":"m4","75":"barzel","76":"barzel","77":"barzel","78":"barzel","79":"barzel","80":"barzel","81":"barzel","82":"barzel","83":"barzel","84":"barzel","85":"barzel","86":"barzel","87":"barzel","88":"barzel","89":"barzel","90":"barzel","91":"barzel","92":"barzel","93":"barzel","94":"barzel","95":"barzel","96":"barzel","97":"barzel","98":"barzel","99":"barzel","100":"barzel","101":"barzel","102":"barzel","103":"barzel","104":"barzel","105":"barzel","106":"barzel","107":"barzel","108":"barzel"},"hamal":{"0":0,"1":0,"2":0,"3":0,"4":0,"5":0,"6":0,"7":0,"8":0,"9":0,"10":0,"11":0,"12":0,"13":0,"14":0,"15":0,"16":0,"17":0,"18":0,"19":0,"20":0,"21":0,"22":0,"23":0,"24":0,"25":0,"26":0,"27":0,"28":0,"29":0,"30":0,"31":0,"32":0,"33":0,"34":0,"35":0,"36":0,"37":0,"38":0,"39":0,"40":0,"41":0,"42":0,"43":0,"44":0,"45":0,"46":0,"47":0,"48":0,"49":0,"50":0,"51":0,"52":0,"53":0,"54":0,"55":0,"56":0,"57":0,"58":0,"59":0,"60":0,"61":0,"62":0,"63":0,"64":0,"65":0,"66":0,"67":0,"68":0,"69":0,"70":0,"71":0,"72":0,"73":0,"74":0,"75":0,"76":0,"77":0,"78":0,"79":0,"80":0,"81":0,"82":0,"83":0,"84":0,"85":0,"86":0,"87":0,"88":1,"89":1,"90":1,"91":0,"92":0,"93":1,"94":0,"95":1,"96":1,"97":0,"98":0,"99":0,"100":0,"101":0,"102":0,"103":0,"104":0,"105":0,"106":0,"107":0,"108":0},"machzor":{"0":2006.0,"1":2012.0,"2":2004.0,"3":2018.0,"4":2012.0,"5":2006.0,"6":2006.0,"7":2006.0,"8":null,"9":null,"10":2006.0,"11":2006.0,"12":2008.0,"13":2012.0,"14":2008.0,"15":2018.0,"16":2006.0,"17":null,"18":2018.0,"19":2006.0,"20":2012.0,"21":1999.0,"22":2019.0,"23":null,"24":null,"25":null,"26":null,"27":null,"28":null,"29":null,"30":null,"31":2012.0,"32":null,"33":null,"34":2012.0,"35":2006.0,"36":2012.0,"37":2014.0,"38":2012.0,"39":null,"40":null,"41":2006.0,"42":2018.0,"43":2012.0,"44":2006.0,"45":2004.0,"46":2004.0,"47":2004.0,"48":null,"49":2004.0,"50":2006.0,"51":2012.0,"52":2004.0,"53":null,"54":null,"55":2008.0,"56":2018.0,"57":2018.0,"58":2018.0,"59":2005.0,"60":2012.0,"61":2012.0,"62":2018.0,"63":null,"64":2014.0,"65":2012.0,"66":2018.0,"67":2012.0,"68":2018.0,"69":null,"70":null,"71":2012.0,"72":null,"73":null,"74":2006.0,"75":null,"76":2006.0,"77":null,"78":2018.0,"79":2012.0,"80":2018.0,"81":2012.0,"82":2018.0,"83":2008.0,"84":2014.0,"85":null,"86":2006.0,"87":2014.0,"88":null,"89":null,"90":null,"91":null,"92":2012.0,"93":null,"94":null,"95":null,"96":null,"97":null,"98":null,"99":null,"100":2006.0,"101":null,"102":null,"103":null,"104":null,"105":null,"106":null,"107":null,"108":null},"present":{"0":1,"1":1,"2":1,"3":1,"4":0,"5":1,"6":1,"7":0,"8":0,"9":1,"10":0,"11":1,"12":1,"13":1,"14":1,"15":0,"16":1,"17":1,"18":1,"19":1,"20":1,"21":1,"22":1,"23":0,"24":1,"25":1,"26":1,"27":1,"28":1,"29":1,"30":1,"31":1,"32":1,"33":1,"34":1,"35":0,"36":1,"37":1,"38":1,"39":1,"40":1,"41":1,"42":1,"43":1,"44":1,"45":1,"46":1,"47":1,"48":1,"49":1,"50":1,"51":1,"52":1,"53":1,"54":1,"55":1,"56":1,"57":1,"58":1,"59":0,"60":1,"61":1,"62":1,"63":1,"64":1,"65":1,"66":0,"67":1,"68":1,"69":0,"70":1,"71":1,"72":1,"73":1,"74":1,"75":1,"76":1,"77":1,"78":1,"79":1,"80":1,"81":1,"82":1,"83":1,"84":0,"85":1,"86":1,"87":1,"88":1,"89":1,"90":1,"91":1,"92":1,"93":1,"94":1,"95":1,"96":1,"97":1,"98":1,"99":1,"100":1,"101":1,"102":1,"103":1,"104":1,"105":1,"106":1,"107":1,"108":1},"active":{"0":0,"1":0,"2":0,"3":0,"4":0,"5":0,"6":0,"7":0,"8":0,"9":0,"10":0,"11":0,"12":0,"13":0,"14":0,"15":0,"16":0,"17":0,"18":0,"19":0,"20":0,"21":0,"22":0,"23":0,"24":0,"25":0,"26":0,"27":0,"28":0,"29":0,"30":0,"31":0,"32":0,"33":0,"34":0,"35":0,"36":0,"37":0,"38":0,"39":0,"40":0,"41":0,"42":0,"43":0,"44":0,"45":0,"46":0,"47":0,"48":0,"49":0,"50":0,"51":0,"52":0,"53":0,"54":0,"55":0,"56":0,"57":0,"58":0,"59":0,"60":0,"61":0,"62":0,"63":0,"64":0,"65":0,"66":0,"67":0,"68":0,"69":0,"70":0,"71":0,"72":0,"73":0,"74":0,"75":0,"76":0,"77":0,"78":0,"79":0,"80":0,"81":0,"82":0,"83":0,"84":0,"85":0,"86":0,"87":0,"88":0,"89":0,"90":0,"91":0,"92":0,"93":0,"94":0,"95":0,"96":0,"97":0,"98":0,"99":0,"100":0,"101":0,"102":0,"103":0,"104":0,"105":0,"106":0,"107":0,"108":0},"timestamp":{"0":0,"1":0,"2":0,"3":0,"4":0,"5":0,"6":0,"7":0,"8":0,"9":0,"10":0,"11":0,"12":0,"13":0,"14":0,"15":0,"16":0,"17":0,"18":0,"19":0,"20":0,"21":0,"22":0,"23":0,"24":0,"25":0,"26":0,"27":0,"28":0,"29":0,"30":0,"31":0,"32":0,"33":0,"34":0,"35":0,"36":0,"37":0,"38":0,"39":0,"40":0,"41":0,"42":0,"43":0,"44":0,"45":0,"46":0,"47":0,"48":0,"49":0,"50":0,"51":0,"52":0,"53":0,"54":0,"55":0,"56":0,"57":0,"58":0,"59":0,"60":0,"61":0,"62":0,"63":0,"64":0,"65":0,"66":0,"67":0,"68":0,"69":0,"70":0,"71":0,"72":0,"73":0,"74":0,"75":0,"76":0,"77":0,"78":0,"79":0,"80":0,"81":0,"82":0,"83":0,"84":0,"85":0,"86":0,"87":0,"88":0,"89":0,"90":0,"91":0,"92":0,"93":0,"94":0,"95":0,"96":0,"97":0,"98":0,"99":0,"100":0,"101":0,"102":0,"103":0,"104":0,"105":0,"106":0,"107":0,"108":0},"maflag":{"0":0,"1":0,"2":0,"3":0,"4":0,"5":0,"6":0,"7":0,"8":0,"9":0,"10":0,"11":0,"12":0,"13":0,"14":0,"15":0,"16":0,"17":0,"18":0,"19":0,"20":0,"21":0,"22":0,"23":0,"24":0,"25":0,"26":0,"27":0,"28":0,"29":0,"30":0,"31":0,"32":0,"33":0,"34":0,"35":0,"36":0,"37":0,"38":0,"39":0,"40":0,"41":0,"42":0,"43":0,"44":0,"45":0,"46":0,"47":0,"48":0,"49":0,"50":0,"51":0,"52":0,"53":0,"54":0,"55":0,"56":0,"57":0,"58":0,"59":0,"60":0,"61":0,"62":0,"63":0,"64":0,"65":0,"66":0,"67":0,"68":0,"69":0,"70":0,"71":0,"72":0,"73":0,"74":0,"75":0,"76":0,"77":0,"78":0,"79":0,"80":0,"81":0,"82":0,"83":0,"84":0,"85":0,"86":0,"87":0,"88":0,"89":0,"90":0,"91":0,"92":0,"93":0,"94":1,"95":1,"96":0,"97":0,"98":1,"99":1,"100":0,"101":0,"102":1,"103":0,"104":1,"105":1,"106":1,"107":1,"108":0},"time_active":{"0":null,"1":null,"2":null,"3":null,"4":"\"2023-10-21 12:00:00\"","5":null,"6":null,"7":null,"8":null,"9":null,"10":null,"11":null,"12":null,"13":null,"14":null,"15":null,"16":null,"17":null,"18":null,"19":null,"20":null,"21":null,"22":null,"23":null,"24":null,"25":null,"26":null,"27":null,"28":null,"29":null,"30":null,"31":null,"32":null,"33":null,"34":null,"35":null,"36":null,"37":null,"38":null,"39":null,"40":null,"41":null,"42":null,"43":null,"44":null,"45":null,"46":null,"47":null,"48":null,"49":null,"50":null,"51":null,"52":null,"53":null,"54":null,"55":null,"56":null,"57":null,"58":null,"59":null,"60":null,"61":null,"62":null,"63":null,"64":null,"65":null,"66":null,"67":null,"68":null,"69":null,"70":null,"71":null,"72":null,"73":null,"74":null,"75":null,"76":null,"77":null,"78":null,"79":null,"80":null,"81":null,"82":null,"83":null,"84":null,"85":null,"86":null,"87":null,"88":null,"89":null,"90":null,"91":null,"92":null,"93":null,"94":null,"95":null,"96":null,"97":null,"98":null,"99":null,"100":null,"101":null,"102":null,"103":null,"104":null,"105":null,"106":null,"107":null,"108":null}}