{"Unnamed: 0":{"0":0,"1":1,"2":2,"3":3,"4":4,"5":5,"6":6},"name":{"0":"lalik","1":"salanova","2":"sior","3":"maazar","4":"sior1","5":"sior2","6":"sior3"},"soldier":{"0":3,"1":3,"2":2,"3":3,"4":2,"5":2,"6":2},"command":{"0":1,"1":1,"2":1,"3":1,"4":1,"5":1,"6":1},"duration":{"0":4,"1":4,"2":8,"3":3,"4":4,"5":4,"6":4},"start_date":{"0":null,"1":null,"2":null,"3":"\"2023-10-21\"","4":null,"5":"\"2023-10-21\"","6":"\"2023-10-21\""},"start_time":{"0":null,"1":null,"2":null,"3":" \"20:00:00\"","4":"\"17:00:00\"","5":"\"14:00:00\"","6":"\"13:00:00\""},"end_date":{"0":null,"1":null,"2":null,"3":"\"2023-10-23\"","4":null,"5":null,"6":null},"one_time_activity":{"0":null,"1":null,"2":null,"3":0.0,"4":0.0,"5":0.0,"6":1.0}}